Family Name,Category,Package,TRM,AUD,REV,CFM
440_CF_ST_xvLadderVerticalCross_Standard,440_CF,ELT_MSR,10/07/2026,17/07/2026,24/07/2026,31/07/2026
440_CI_PC_mJunctionBox_Standard_Weatherproof,440_CI,ELT_MSR,07/08/2026,14/08/2026,21/08/2026,28/08/2026
440_CI_PVC_mJunctionBox_Standard_ThreeWay,440_CI,ELT_MSR,07/08/2026,14/08/2026,21/08/2026,28/08/2026
440_EE_FlatRoofSolarModule,440_EE,ELT_MSR,05/06/2026,12/06/2026,19/06/2026,25/06/2026
440_EE_GasInsulatedMediumVoltageSwitchgear_MsPvAnlage,440_EE,ELT_MSR,05/06/2026,12/06/2026,19/06/2026,25/06/2026
440_EE_GasInsulatedMediumVoltageSwitchgear_MSSüd,440_EE,ELT_MSR,05/06/2026,12/06/2026,19/06/2026,25/06/2026
440_EE_LowVoltageSwitchboard_GHVSüd_HOST,440_EE,ELT_MSR,12/06/2026,19/06/2026,25/06/2026,03/07/2026
440_EE_SinglePhase_Panel,440_EE,ELT_MSR,12/06/2026,19/06/2026,25/06/2026,03/07/2026
440_EF_DaylightSensor_Ceiling,440_EF,ELT_MSR,19/06/2026,25/06/2026,03/07/2026,10/07/2026
440_EF_Equipotentialbondingbar,440_EF,ELT_MSR,19/06/2026,25/06/2026,03/07/2026,10/07/2026
440_EF_JunctionBox_Ceiling_3Pole,440_EF,ELT_MSR,19/06/2026,25/06/2026,03/07/2026,10/07/2026
440_SE_AccessPanel_Ceiling,440_SE,ELT_MSR,07/08/2026,14/08/2026,21/08/2026,28/08/2026
442_SD_UPSBattery_FloorStand_Rectangular,442_SD,ELT_MSR,28/08/2026,04/09/2026,11/09/2026,18/09/2026
443_EF_OvervoltageProtection_WallFlush,443_EF,ELT_MSR,21/08/2026,28/08/2026,04/09/2026,11/09/2026
444_CI_ABS_mIndustrialBox,444_CI,ELT_MSR,21/08/2026,28/08/2026,04/09/2026,11/09/2026
445_LF_BathroomLuminaire_WallMounted_Rectangular,445_LF,ELT_MSR,24/07/2026,31/07/2026,07/08/2026,14/08/2026
445_LF_LED_HighBayPendantLight_CeilingSuspended_GentleSpaceWithAdjustableRod,445_LF,ELT_MSR,31/07/2026,07/08/2026,14/08/2026,21/08/2026
445_LF_LEDSpotEmergencyLightingLuminaire_CeilingRecessed_Square_SQ5E,445_LF,ELT_MSR,31/07/2026,07/08/2026,14/08/2026,21/08/2026
445_LF_LEDSpotEmergencyLightingLuminaire_CeilingSuspended_Square,445_LF,ELT_MSR,31/07/2026,07/08/2026,14/08/2026,21/08/2026
445_LF_TrackSpot-S_CeilingMounted,445_LF,ELT_MSR,07/08/2026,14/08/2026,21/08/2026,28/08/2026
454_CD_FireDepartmentContactPoint_WallMounted,454_CD,ELT_MSR,21/08/2026,28/08/2026,04/09/2026,11/09/2026
456_CD_Siren,456_CD,ELT_MSR,21/08/2026,28/08/2026,04/09/2026,11/09/2026
456_EE_ConventionalControlPanel_WallSurface_Rectangular,456_EE,ELT_MSR,21/08/2026,28/08/2026,04/09/2026,11/09/2026
456_FA_AspiratingSmokesSystem2Channel_WallMounted,456_FA,ELT_MSR,07/08/2026,14/08/2026,21/08/2026,28/08/2026
456_FA_SmokeSensor_Ceiling,456_FA,ELT_MSR,14/08/2026,21/08/2026,28/08/2026,04/09/2026
457_DD_LanOutlet_WallMounted_2Gangs,457_DD,ELT_MSR,28/08/2026,04/09/2026,11/09/2026,18/09/2026
480_EF_IndividualRoomController,480_EF,ELT_MSR,21/08/2026,28/08/2026,04/09/2026,11/09/2026
482_EE_Distribution_FloorStanding_Outdoor,482_EE,ELT_MSR,21/08/2026,28/08/2026,04/09/2026,11/09/2026
484_EF_Transferbox,484_EF,ELT_MSR,21/08/2026,28/08/2026,04/09/2026,11/09/2026
420_HeatExchangerTank_VerticalPump,420_He,HKG,18/06/2026,24/06/2026,30/06/2026,06/07/2026
420_ME_BufferTank_StorathermHeat1Coil&WithoutInsulation,420_ME,HKG,18/06/2026,24/06/2026,30/06/2026,06/07/2026
420_ME_BufferTank_StorathermHeatFlange&WithInsulation,420_ME,HKG,18/06/2026,24/06/2026,30/06/2026,06/07/2026
420_ME_CentrifugalPumpWithElectricMotor_Horizontal,420_ME,HKG,18/06/2026,24/06/2026,30/06/2026,06/07/2026
420_ME_Fancoilunit_UnderfloorTrench_KathermQKnano,420_ME,HKG,18/06/2026,24/06/2026,30/06/2026,06/07/2026
420_ME_HotWaterStorageTank_StorathermAqua,420_ME,HKG,30/06/2026,06/07/2026,10/07/2026,16/07/2026
420_ME_HotWaterStorageTank_StorathermAquaCompact&Electricheater,420_ME,HKG,30/06/2026,06/07/2026,10/07/2026,16/07/2026
420_ME_HotWaterStorageTank_StorathermAquaCompact1Coil&Electricheater,420_ME,HKG,30/06/2026,06/07/2026,10/07/2026,16/07/2026
420_ME_HotWaterStorageTank_StorathermAquaCompactHorizontal,420_ME,HKG,30/06/2026,06/07/2026,10/07/2026,16/07/2026
420_ME_HotWaterStorageTank_StorathermAquaInox,420_ME,HKG,30/06/2026,06/07/2026,10/07/2026,16/07/2026
420_ME_HotWaterStorageTank_StorathermAquaSolarEEC,420_ME,HKG,30/06/2026,06/07/2026,10/07/2026,16/07/2026
420_ME_Manifold12Connection_Custom,420_ME,HKG,30/06/2026,06/07/2026,10/07/2026,16/07/2026
420_ME_ManifoldCabinet_UP110,420_ME,HKG,30/06/2026,06/07/2026,10/07/2026,16/07/2026
420_ME_PlateHeatExchanger,420_ME,HKG,30/06/2026,06/07/2026,10/07/2026,16/07/2026
420_ME_RadiatorBathroom_WallMounted_Geneocircle,420_ME,HKG,30/06/2026,06/07/2026,10/07/2026,16/07/2026
420_ME_RadiatorBathroom_WallMounted_Geneoquadris,420_ME,HKG,30/06/2026,06/07/2026,10/07/2026,16/07/2026
420_ME_RadiatorElectricPanel_WallMounted_xThermPlanVertical_NoSystem,420_ME,HKG,30/06/2026,06/07/2026,10/07/2026,16/07/2026
420_ME_RadiatorFlatPanel_WallMounted_xFlairPlanVPlus,420_ME,HKG,30/06/2026,06/07/2026,10/07/2026,16/07/2026
420_PA_6WayValve_Thread,420_PA,HKG,08/06/2026,12/06/2026,18/06/2026,24/06/2026
420_PA_AirReleaseValve_Flanged_Standard,420_PA,HKG,08/06/2026,12/06/2026,18/06/2026,24/06/2026
420_PA_BalancingValve_Flanged_Standard,420_PA,HKG,08/06/2026,12/06/2026,18/06/2026,24/06/2026
420_PA_BallValve3Way_TPort,420_PA,HKG,08/06/2026,12/06/2026,18/06/2026,24/06/2026
420_PA_BallValve_Flanged,420_PA,HKG,08/06/2026,12/06/2026,18/06/2026,24/06/2026
420_PA_BasketStrainerValve_Flanged_Standard,420_PA,HKG,08/06/2026,12/06/2026,18/06/2026,24/06/2026
420_PA_ButterflyValve_Thread_GearStandard,420_PA,HKG,08/06/2026,12/06/2026,18/06/2026,24/06/2026
420_PA_DrainValve_Thread_Standard,420_PA,HKG,08/06/2026,12/06/2026,18/06/2026,24/06/2026
420_PA_DrainValve_Threaded,420_PA,HKG,08/06/2026,12/06/2026,18/06/2026,24/06/2026
420_PA_GateValve_Flanged,420_PA,HKG,08/06/2026,12/06/2026,18/06/2026,24/06/2026
420_PA_GlobeValve_Flanged,420_PA,HKG,08/06/2026,12/06/2026,18/06/2026,24/06/2026
420_PA_GlobeValve_Flanged_Standard,420_PA,HKG,08/06/2026,12/06/2026,18/06/2026,24/06/2026
420_PA_GlobeValve_Thread,420_PA,HKG,08/06/2026,12/06/2026,18/06/2026,24/06/2026
420_PA_GlobeValve_Thread_Standard,420_PA,HKG,08/06/2026,12/06/2026,18/06/2026,24/06/2026
420_PA_HeatMeter_Flanged_Standard,420_PA,HKG,08/06/2026,12/06/2026,18/06/2026,24/06/2026
420_PA_HeatMeter_Thread_Standard,420_PA,HKG,08/06/2026,12/06/2026,18/06/2026,24/06/2026
420_PA_MotorizedBallValve_Thread_Standard,420_PA,HKG,08/06/2026,12/06/2026,18/06/2026,24/06/2026
420_PA_NonReturnFlap_Flanged,420_PA,HKG,08/06/2026,12/06/2026,18/06/2026,24/06/2026
420_PA_PIQCV6WayValve_Thread,420_PA,HKG,18/06/2026,24/06/2026,30/06/2026,06/07/2026
420_PA_PIQCVValve_Thread,420_PA,HKG,18/06/2026,24/06/2026,30/06/2026,06/07/2026
420_PA_PneumaticControlValve_Flanged,420_PA,HKG,18/06/2026,24/06/2026,30/06/2026,06/07/2026
420_PA_PneumaticGlobeControlValve_Flanged,420_PA,HKG,18/06/2026,24/06/2026,30/06/2026,06/07/2026
420_PA_PressureSensor,420_PA,HKG,18/06/2026,24/06/2026,30/06/2026,06/07/2026
420_PA_RadiatorThermostaticStraightValve_Thread,420_PA,HKG,18/06/2026,24/06/2026,30/06/2026,06/07/2026
420_PA_RegulatingValve_Flanged,420_PA,HKG,18/06/2026,24/06/2026,30/06/2026,06/07/2026
420_PA_RegulatingValve_Flanged_Standard,420_PA,HKG,18/06/2026,24/06/2026,30/06/2026,06/07/2026
420_PA_ShutoffValve_Motorized,420_PA,HKG,18/06/2026,24/06/2026,30/06/2026,06/07/2026
420_PA_SwingCheckValve_Flanged_Standard,420_PA,HKG,18/06/2026,24/06/2026,30/06/2026,06/07/2026
420_PA_TemperatureSensor_Standard,420_PA,HKG,18/06/2026,24/06/2026,30/06/2026,06/07/2026
420_PA_ThreeWayMotorisedControlValve_Thread,420_PA,HKG,18/06/2026,24/06/2026,30/06/2026,06/07/2026
420_PA_ThreeWayvalve_Thread_Standard,420_PA,HKG,18/06/2026,24/06/2026,30/06/2026,06/07/2026
420_PA_WaterMeter_Flanged_Standard,420_PA,HKG,18/06/2026,24/06/2026,30/06/2026,06/07/2026
420_PF_Brass_ThreeWayEqualTee_Compression,420_PF,HKG,08/06/2026,12/06/2026,18/06/2026,24/06/2026
420_PF_Copper_Elbow,420_PF,HKG,08/06/2026,12/06/2026,18/06/2026,24/06/2026
420_PF_MapressCarbonSteel_Cap_SlipJoin,420_PF,HKG,08/06/2026,12/06/2026,18/06/2026,24/06/2026
420_PF_MapressCarbonSteel_Cross_SlipJoin,420_PF,HKG,08/06/2026,12/06/2026,18/06/2026,24/06/2026
420_PF_MapressCarbonSteel_Elbow_SlipJoin,420_PF,HKG,08/06/2026,12/06/2026,18/06/2026,24/06/2026
420_PF_MapressCarbonSteel_FlangeAdaptor_SlipJoin,420_PF,HKG,08/06/2026,12/06/2026,18/06/2026,24/06/2026
420_PF_MapressCarbonSteel_SocketAdaptor_SlipJoin,420_PF,HKG,08/06/2026,12/06/2026,18/06/2026,24/06/2026
420_PF_MapressCarbonSteel_SocketFlangeAdaptor_SlipJoin,420_PF,HKG,08/06/2026,12/06/2026,18/06/2026,24/06/2026
420_PF_MapressCarbonSteel_Tee_SlipJoin,420_PF,HKG,08/06/2026,12/06/2026,18/06/2026,24/06/2026
420_PF_MapressCarbonSteel_Transition_SlipJoin,420_PF,HKG,08/06/2026,12/06/2026,18/06/2026,24/06/2026
420_PF_MapressCarbonSteel_Union_SlipJoin,420_PF,HKG,08/06/2026,12/06/2026,18/06/2026,24/06/2026
420_PF_PE_eElbow,420_PF,HKG,08/06/2026,12/06/2026,18/06/2026,24/06/2026
434_ME_ FanCoilUnit_CeilingPlemun_ Standard,434_ME,HKG,10/07/2026,16/07/2026,22/07/2026,28/07/2026
434_ME_AirCooledScrollChillers_30RBP,434_ME,HKG,10/07/2026,16/07/2026,22/07/2026,28/07/2026
434_ME_CirculatorPump_CronoTwinDL,434_ME,HKG,10/07/2026,16/07/2026,22/07/2026,28/07/2026
434_ME_ConvectionElementsCeillings_CeilingMounted_KN,434_ME,HKG,10/07/2026,16/07/2026,22/07/2026,28/07/2026
434_ME_Convector_UnderFloorTrench_Standard,434_ME,HKG,22/07/2026,28/07/2026,03/08/2026,07/08/2026
434_ME_CyclonicVacuumDegasser_VentoVEC,434_ME,HKG,22/07/2026,28/07/2026,03/08/2026,07/08/2026
434_ME_DuctableAirCooledLiquidChillers_BehindConnection_30RBSY,434_ME,HKG,22/07/2026,28/07/2026,03/08/2026,07/08/2026
434_ME_ExpansionVessel_IntermediateDD,434_ME,HKG,22/07/2026,28/07/2026,03/08/2026,07/08/2026
434_ME_ExpansionVessel_IntermediateDU,434_ME,HKG,22/07/2026,28/07/2026,03/08/2026,07/08/2026
434_ME_ExpansionVessel_Standard,434_ME,HKG,22/07/2026,28/07/2026,03/08/2026,07/08/2026
434_ME_ExpansionVessel_StaticoSD,434_ME,HKG,22/07/2026,28/07/2026,03/08/2026,07/08/2026
434_ME_FanCoilUnit_CeilingPlenum_FWMDT2pipe,434_ME,HKG,22/07/2026,28/07/2026,03/08/2026,07/08/2026
434_ME_FanCoilUnit_CeilingPlenum_FWSAF4pipe,434_ME,HKG,22/07/2026,28/07/2026,03/08/2026,07/08/2026
434_ME_FanCoilUnit_CeilingPlenum_HydronicDucted42EM2PipeSize2x&3x,434_ME,HKG,22/07/2026,28/07/2026,03/08/2026,07/08/2026
434_ME_FanCoilUnit_CeilingPlenum_HydronicDucted42EM4PipeSize2x&3x,434_ME,HKG,22/07/2026,28/07/2026,03/08/2026,07/08/2026
434_ME_FanCoilUnit_FloorStanding_FWVDAF4Pipes,434_ME,HKG,22/07/2026,28/07/2026,03/08/2026,07/08/2026
434_ME_FanCoilUnit_UnderFloorTrench_KathermHK2Pipe,434_ME,HKG,22/07/2026,28/07/2026,03/08/2026,07/08/2026
434_ME_FanCoilUnit_UnderFloorTrench_KathermHK4Pipe,434_ME,HKG,22/07/2026,28/07/2026,03/08/2026,07/08/2026
434_ME_FanCoilUnit_UnderFloorTrench_KathermID,434_ME,HKG,22/07/2026,28/07/2026,03/08/2026,07/08/2026
434_ME_FanCoilUnit_WallMounted_Standard,434_ME,HKG,22/07/2026,28/07/2026,03/08/2026,07/08/2026
434_ME_HeatedAndChilledCanopyCeilings_CeilingMounted_SD315,434_ME,HKG,22/07/2026,28/07/2026,03/08/2026,07/08/2026
434_ME_HeatedAndChilledCanopyCeilings_CeilingMounted_SD320,434_ME,HKG,22/07/2026,28/07/2026,03/08/2026,07/08/2026
434_ME_HeatedAndChilledCanopyCeilings_CeilingMounted_SDTabs125_NoSystem,434_ME,HKG,22/07/2026,28/07/2026,03/08/2026,07/08/2026
434_ME_HeatedAndChilledHookonCeilings_CeilingMounted_E210,434_ME,HKG,22/07/2026,28/07/2026,03/08/2026,07/08/2026
434_ME_HeatedAndChilledPostCapCeilings_CeilingMounted_B147SD,434_ME,HKG,22/07/2026,28/07/2026,03/08/2026,07/08/2026
434_ME_HeatExchanger_Brazed&DoublePass&Flanged,434_ME,HKG,22/07/2026,28/07/2026,03/08/2026,07/08/2026
434_ME_HeatExchanger_Brazed_DoublePass,434_ME,HKG,22/07/2026,28/07/2026,03/08/2026,07/08/2026
434_ME_HeatExchanger_BrazedSinglePass&Thread,434_ME,HKG,22/07/2026,28/07/2026,03/08/2026,07/08/2026
434_ME_HeatExchanger_Gasketed&Thread,434_ME,HKG,22/07/2026,28/07/2026,03/08/2026,07/08/2026
434_ME_Manifold_6Circuits,434_ME,HKG,03/08/2026,07/08/2026,13/08/2026,19/08/2026
434_ME_Manifold_7Circuits,434_ME,HKG,03/08/2026,07/08/2026,13/08/2026,19/08/2026
434_ME_Manifold_9Circuits,434_ME,HKG,03/08/2026,07/08/2026,13/08/2026,19/08/2026
434_ME_PressureMaintenanceMonitoring_PlenoPI9F,434_ME,HKG,03/08/2026,07/08/2026,13/08/2026,19/08/2026
434_ME_Pump_Circulator_CronoTwin_DL_E,434_ME,HKG,03/08/2026,07/08/2026,13/08/2026,19/08/2026
434_ME_Pump_Circulator_VeroTwinDPL_DN100,434_ME,HKG,03/08/2026,07/08/2026,13/08/2026,19/08/2026
434_ME_Pump_Circulator_VeroTwinDPL_DN65,434_ME,HKG,03/08/2026,07/08/2026,13/08/2026,19/08/2026
434_ME_Pump_Circulator_VeroTwinDPL_DN80,434_ME,HKG,03/08/2026,07/08/2026,13/08/2026,19/08/2026
434_ME_Pump_CirculatorStratosGIGA&D,434_ME,HKG,03/08/2026,07/08/2026,13/08/2026,19/08/2026
434_ME_Pump_CirculatorStratosMAXO&D,434_ME,HKG,03/08/2026,07/08/2026,13/08/2026,19/08/2026
434_ME_Pump_CirculatorYonosMAXO&D,434_ME,HKG,03/08/2026,07/08/2026,13/08/2026,19/08/2026
434_ME_Pump_CirculatorYonosPICO&D,434_ME,HKG,03/08/2026,07/08/2026,13/08/2026,19/08/2026
434_ME_Pump_CirculatorYonosPICO,434_ME,HKG,03/08/2026,07/08/2026,13/08/2026,19/08/2026
434_ME_Pump_WaterSupplySCP,434_ME,HKG,03/08/2026,07/08/2026,13/08/2026,19/08/2026
434_ME_VariableSpeedWaterCooledLiquidChiller_SingleCompressor30XW&V,434_ME,HKG,03/08/2026,07/08/2026,13/08/2026,19/08/2026
434_ME_VRVInDoorUnit_ConcealedCeiling_FXDA,434_ME,HKG,03/08/2026,07/08/2026,13/08/2026,19/08/2026
434_ME_VRVInDoorUnit_ConcealedCeiling_FXMA,434_ME,HKG,03/08/2026,07/08/2026,13/08/2026,19/08/2026
434_ME_VRVInDoorUnit_ConcealedCeiling_FXMA200and250A,434_ME,HKG,03/08/2026,07/08/2026,13/08/2026,19/08/2026
434_ME_VRVInDoorUnit_ConcealedCeiling_FXSA,434_ME,HKG,03/08/2026,07/08/2026,13/08/2026,19/08/2026
434_ME_VRVMultiBranchSelector_BS&12A14AV1B,434_ME,HKG,03/08/2026,07/08/2026,13/08/2026,19/08/2026
434_ME_VRVMultiBranchSelector_BS&4A14AV1B,434_ME,HKG,03/08/2026,07/08/2026,13/08/2026,19/08/2026
434_ME_VRVMultiBranchSelector_BS&6A14AV1B,434_ME,HKG,03/08/2026,07/08/2026,13/08/2026,19/08/2026
434_ME_WatercooledCondenserlessliquidchillers_30RW_WithoutHydraulicModule,434_ME,HKG,03/08/2026,07/08/2026,13/08/2026,19/08/2026
434_ME_WaterCooledCondenserlessLiquidChillers_30WG,434_ME,HKG,03/08/2026,07/08/2026,13/08/2026,19/08/2026
434_ME_WaterCooledCondenserlessLiquidchillers_30WGA,434_ME,HKG,03/08/2026,07/08/2026,13/08/2026,19/08/2026
434_PA_RefnetHeader_KHRPGas8Branches,434_PA,HKG,10/07/2026,16/07/2026,22/07/2026,28/07/2026
434_PA_RefnetJoint_KHRPDischarge,434_PA,HKG,10/07/2026,16/07/2026,22/07/2026,28/07/2026
434_PA_RefnetJoint_KHRPGas,434_PA,HKG,10/07/2026,16/07/2026,22/07/2026,28/07/2026
434_PA_RefnetJoint_KHRPLiquid,434_PA,HKG,10/07/2026,16/07/2026,22/07/2026,28/07/2026
434_PF_CO_30Cross_Mapress,434_PF,HKG,10/07/2026,16/07/2026,22/07/2026,28/07/2026
434_PF_CO_AdaptorMultiPort_MapressAndNut,434_PF,HKG,10/07/2026,16/07/2026,22/07/2026,28/07/2026
434_PF_CO_AdaptorUnion_FemaleThreadAndMeplaFix,434_PF,HKG,10/07/2026,16/07/2026,22/07/2026,28/07/2026
434_PF_CO_AdaptorUnion_MapressAndFlangeGas,434_PF,HKG,10/07/2026,16/07/2026,22/07/2026,28/07/2026
434_PF_CO_AdaptorUnion_PlainEndAndFlange,434_PF,HKG,10/07/2026,16/07/2026,22/07/2026,28/07/2026
434_PF_CO_Bend_Mapress,434_PF,HKG,10/07/2026,16/07/2026,22/07/2026,28/07/2026
434_PF_CO_Bend_MapressFKMBlue,434_PF,HKG,10/07/2026,16/07/2026,22/07/2026,28/07/2026
434_PF_CO_Bend_MapressGas,434_PF,HKG,10/07/2026,16/07/2026,22/07/2026,28/07/2026
434_PF_CO_BridgeBendMultiPort_MapressGas,434_PF,HKG,10/07/2026,16/07/2026,22/07/2026,28/07/2026
434_PF_CO_Cap_Mapress,434_PF,HKG,10/07/2026,16/07/2026,22/07/2026,28/07/2026
434_PF_CO_Cap_MapressFKMBlue,434_PF,HKG,10/07/2026,16/07/2026,22/07/2026,28/07/2026
434_PF_CO_Cap_MapressGas,434_PF,HKG,10/07/2026,16/07/2026,22/07/2026,28/07/2026
434_PF_CO_mBridgeBend_Mapress,434_PF,HKG,10/07/2026,16/07/2026,22/07/2026,28/07/2026
434_PF_CO_mDouble90Elbow_Mapress_PreMounted,434_PF,HKG,10/07/2026,16/07/2026,22/07/2026,28/07/2026
434_PF_CO_mTeeReturn_Mapress,434_PF,HKG,10/07/2026,16/07/2026,22/07/2026,28/07/2026
434_PF_CO_ReducerAdaptor_PlainEndAndClampingRing,434_PF,HKG,10/07/2026,16/07/2026,22/07/2026,28/07/2026
434_PF_CO_rReducerAdaptor_MapressAndThreadGas,434_PF,HKG,10/07/2026,16/07/2026,22/07/2026,28/07/2026
434_PF_CO_rReducerAdaptor_PlainEndAndThreadGas,434_PF,HKG,10/07/2026,16/07/2026,22/07/2026,28/07/2026
434_PF_CO_Tee_Mapress&FemaleThread,434_PF,HKG,10/07/2026,16/07/2026,22/07/2026,28/07/2026
434_PF_CO_Tee_Mapress,434_PF,HKG,10/07/2026,16/07/2026,22/07/2026,28/07/2026
434_PF_CO_Tee_MapressFKMBlue&FemaleThread,434_PF,HKG,10/07/2026,16/07/2026,22/07/2026,28/07/2026
434_PF_CO_Tee_MapressFKMBlue,434_PF,HKG,10/07/2026,16/07/2026,22/07/2026,28/07/2026
434_PF_CO_Tee_MapressGas&FemaleThread,434_PF,HKG,10/07/2026,16/07/2026,22/07/2026,28/07/2026
434_PF_CO_Tee_MapressGas,434_PF,HKG,10/07/2026,16/07/2026,22/07/2026,28/07/2026
434_PF_CO_Transition_Mapress,434_PF,HKG,10/07/2026,16/07/2026,22/07/2026,28/07/2026
434_PF_CO_Transition_MapressFKMBlue,434_PF,HKG,10/07/2026,16/07/2026,22/07/2026,28/07/2026
434_PF_CO_Transition_MapressGas,434_PF,HKG,10/07/2026,16/07/2026,22/07/2026,28/07/2026
434_PF_CO_uAdaptorUnion_MapressAndMaleThreadFKMBlue_WithNut,434_PF,HKG,10/07/2026,16/07/2026,22/07/2026,28/07/2026
434_PF_CO_uAdaptorUnion_MapressAndNutGas,434_PF,HKG,10/07/2026,16/07/2026,22/07/2026,28/07/2026
434_PF_CO_Union_Mapress,434_PF,HKG,10/07/2026,16/07/2026,22/07/2026,28/07/2026
434_PF_CO_Union_MapressFKMBlue,434_PF,HKG,10/07/2026,16/07/2026,22/07/2026,28/07/2026
434_PF_CO_Union_MapressGas,434_PF,HKG,10/07/2026,16/07/2026,22/07/2026,28/07/2026
491_NF_GussetPlate90dHexagon,491_NF,HKG,13/08/2026,19/08/2026,25/08/2026,31/08/2026
491_NF_GussetPlate90dRectangular,491_NF,HKG,13/08/2026,19/08/2026,25/08/2026,31/08/2026
491_NF_GussetPlate90dTCenter,491_NF,HKG,13/08/2026,19/08/2026,25/08/2026,31/08/2026
491_NF_GussetPlate90dTSide,491_NF,HKG,13/08/2026,19/08/2026,25/08/2026,31/08/2026
491_NF_GussetPlate_StairTreadSupport,491_NF,HKG,13/08/2026,19/08/2026,25/08/2026,31/08/2026
491_NF_GussetPlateAngularAxial,491_NF,HKG,13/08/2026,19/08/2026,25/08/2026,31/08/2026
491_NF_GussetPlateAngularDoubleAdjustableBrace,491_NF,HKG,13/08/2026,19/08/2026,25/08/2026,31/08/2026
491_NF_GussetPlateAngularRectangular,491_NF,HKG,13/08/2026,19/08/2026,25/08/2026,31/08/2026
491_NF_GussetPlateAngularSingleAdjustableBrace,491_NF,HKG,13/08/2026,19/08/2026,25/08/2026,31/08/2026
491_NF_GussetPlateBase,491_NF,HKG,13/08/2026,19/08/2026,25/08/2026,31/08/2026
491_NF_GussetPlateCantileverBracket,491_NF,HKG,13/08/2026,19/08/2026,25/08/2026,31/08/2026
491_NF_GussetPlateFlatHexagon,491_NF,HKG,13/08/2026,19/08/2026,25/08/2026,31/08/2026
491_NF_GussetPlateFlatRectangular,491_NF,HKG,13/08/2026,19/08/2026,25/08/2026,31/08/2026
491_NF_GussetPlateFlatSemiCircle,491_NF,HKG,13/08/2026,19/08/2026,25/08/2026,31/08/2026
491_NF_GussetPlateFlatT,491_NF,HKG,13/08/2026,19/08/2026,25/08/2026,31/08/2026
491_NF_GussetPlateTrailingArm,491_NF,HKG,13/08/2026,19/08/2026,25/08/2026,31/08/2026
491_NF_GussetPlateTrailingArmBrace,491_NF,HKG,13/08/2026,19/08/2026,25/08/2026,31/08/2026
491_NF_GussetPlateUShape,491_NF,HKG,13/08/2026,19/08/2026,25/08/2026,31/08/2026
491_NF_GussetPlateUShape_2Layers,491_NF,HKG,13/08/2026,19/08/2026,25/08/2026,31/08/2026
491_NF_GussetPlateUShape_Hanger,491_NF,HKG,13/08/2026,19/08/2026,25/08/2026,31/08/2026
491_NF_GussetPlateUShape_Omega,491_NF,HKG,13/08/2026,19/08/2026,25/08/2026,31/08/2026
491_NF_GussetPlateUShape_Side,491_NF,HKG,13/08/2026,19/08/2026,25/08/2026,31/08/2026
491_NF_GussetPlateWingShape,491_NF,HKG,13/08/2026,19/08/2026,25/08/2026,31/08/2026
491_NF_GussetPlateWShape,491_NF,HKG,13/08/2026,19/08/2026,25/08/2026,31/08/2026
491_NF_GussetPlateZShape,491_NF,HKG,13/08/2026,19/08/2026,25/08/2026,31/08/2026
491_NF_PipeClamp_OnePiece,491_NF,HKG,13/08/2026,19/08/2026,25/08/2026,31/08/2026
491_NF_PipeClamp_StandOffBracket,491_NF,HKG,13/08/2026,19/08/2026,25/08/2026,31/08/2026
491_NF_PipeClampAccessories_BladeEnd,491_NF,HKG,13/08/2026,19/08/2026,25/08/2026,31/08/2026
491_NF_PipeClampAccessories_Clevis,491_NF,HKG,13/08/2026,19/08/2026,25/08/2026,31/08/2026
491_NF_PipeClampAccessories_EyeNut,491_NF,HKG,13/08/2026,19/08/2026,25/08/2026,31/08/2026
491_NF_PipeClampAccessories_HangerStrap,491_NF,HKG,13/08/2026,19/08/2026,25/08/2026,31/08/2026
491_NF_PipeClampAccessories_LinkPlate,491_NF,HKG,13/08/2026,19/08/2026,25/08/2026,31/08/2026
491_NF_PipeClampAccessories_Turnbuckle,491_NF,HKG,13/08/2026,19/08/2026,25/08/2026,31/08/2026
491_NF_PipeClampAccessoriesPunchedAngle,491_NF,HKG,13/08/2026,19/08/2026,25/08/2026,31/08/2026
491_NF_PipeClampAccessoriesSquareWasher,491_NF,HKG,13/08/2026,19/08/2026,25/08/2026,31/08/2026
491_NF_PipeClampBeamAttachments_AngleBracket,491_NF,HKG,13/08/2026,19/08/2026,25/08/2026,31/08/2026
491_NF_PipeClampBeamAttachments_BeamClip,491_NF,HKG,13/08/2026,19/08/2026,25/08/2026,31/08/2026
491_NF_PipeClampBeamAttachments_FlangeClamp,491_NF,HKG,13/08/2026,19/08/2026,25/08/2026,31/08/2026
491_NF_PipeClampBeamAttachments_PipeBeamClip,491_NF,HKG,13/08/2026,19/08/2026,25/08/2026,31/08/2026
491_NF_PipeClampBeamAttachments_SphericalWasher,491_NF,HKG,13/08/2026,19/08/2026,25/08/2026,31/08/2026
491_NF_PipeClampBeamAttachments_SwivelCage,491_NF,HKG,13/08/2026,19/08/2026,25/08/2026,31/08/2026
491_NF_PipeClampBeamAttachmentsPurlinClip,491_NF,HKG,13/08/2026,19/08/2026,25/08/2026,31/08/2026
491_NF_PipeClampBeamAttachmentsSwivelFlangeClamp,491_NF,HKG,13/08/2026,19/08/2026,25/08/2026,31/08/2026
491_NF_PipeClampBeamAttachmentsUBracket,491_NF,HKG,13/08/2026,19/08/2026,25/08/2026,31/08/2026
491_NF_PipeClampBeamAttachmentsWeldOnBracket,491_NF,HKG,13/08/2026,19/08/2026,25/08/2026,31/08/2026
491_NF_PipeClampDoubleBoltStrut,491_NF,HKG,13/08/2026,19/08/2026,25/08/2026,31/08/2026
491_NF_PipeClampFourBolt,491_NF,HKG,13/08/2026,19/08/2026,25/08/2026,31/08/2026
491_NF_PipeClampHangedSaddle,491_NF,HKG,13/08/2026,19/08/2026,25/08/2026,31/08/2026
491_NF_PipeClampPearHanger,491_NF,HKG,13/08/2026,19/08/2026,25/08/2026,31/08/2026
491_NF_PipeClampSingleBoltStrut,491_NF,HKG,13/08/2026,19/08/2026,25/08/2026,31/08/2026
491_NF_PipeClampThreeBolt,491_NF,HKG,13/08/2026,19/08/2026,25/08/2026,31/08/2026
491_NF_PipeClampTwistClip,491_NF,HKG,13/08/2026,19/08/2026,25/08/2026,31/08/2026
491_NF_PipeClampTwoPiece,491_NF,HKG,13/08/2026,19/08/2026,25/08/2026,31/08/2026
491_NF_PipeClampTwoPieceWithYoke,491_NF,HKG,13/08/2026,19/08/2026,25/08/2026,31/08/2026
491_NF_PipeClampUBolt,491_NF,HKG,13/08/2026,19/08/2026,25/08/2026,31/08/2026
491_NF_Steel_A1000_Unistrut,491_NF,HKG,13/08/2026,19/08/2026,25/08/2026,31/08/2026
491_NF_Steel_AnchorScrew,491_NF,HKG,13/08/2026,19/08/2026,25/08/2026,31/08/2026
491_NF_Steel_CantileverBrackets_Triangle,491_NF,HKG,13/08/2026,19/08/2026,25/08/2026,31/08/2026
491_NF_Steel_FlatWashers,491_NF,HKG,13/08/2026,19/08/2026,25/08/2026,31/08/2026
491_NF_Steel_HexagonHeadScrew,491_NF,HKG,13/08/2026,19/08/2026,25/08/2026,31/08/2026
491_NF_Steel_HexagonNut_Threaded,491_NF,HKG,13/08/2026,19/08/2026,25/08/2026,31/08/2026
491_NF_Steel_P1000_Unistrut,491_NF,HKG,13/08/2026,19/08/2026,25/08/2026,31/08/2026
491_NF_Steel_P1000B_Unistrut,491_NF,HKG,13/08/2026,19/08/2026,25/08/2026,31/08/2026
491_NF_Steel_P1000C41_Unistrut,491_NF,HKG,13/08/2026,19/08/2026,25/08/2026,31/08/2026
491_NF_Steel_P1000C_Unistrut,491_NF,HKG,13/08/2026,19/08/2026,25/08/2026,31/08/2026
491_NF_Steel_P10013_Unistrut,491_NF,HKG,13/08/2026,19/08/2026,25/08/2026,31/08/2026
491_NF_Steel_P1001_Unistrut,491_NF,HKG,13/08/2026,19/08/2026,25/08/2026,31/08/2026
491_NF_Steel_P1001A_Unistrut,491_NF,HKG,13/08/2026,19/08/2026,25/08/2026,31/08/2026
491_NF_Steel_P1001C3_Unistrut,491_NF,HKG,13/08/2026,19/08/2026,25/08/2026,31/08/2026
491_NF_Steel_P1001D3_Unistrut,491_NF,HKG,13/08/2026,19/08/2026,25/08/2026,31/08/2026
491_NF_Steel_P1003_Unistrut,491_NF,HKG,13/08/2026,19/08/2026,25/08/2026,31/08/2026
491_NF_Steel_P1004A_Unistrut,491_NF,HKG,13/08/2026,19/08/2026,25/08/2026,31/08/2026
491_NF_Steel_P2001A_Unistrut,491_NF,HKG,13/08/2026,19/08/2026,25/08/2026,31/08/2026
491_NF_Steel_P2001B_Unistrut,491_NF,HKG,13/08/2026,19/08/2026,25/08/2026,31/08/2026
491_NF_Steel_P2001C3_Unistrut,491_NF,HKG,13/08/2026,19/08/2026,25/08/2026,31/08/2026
491_NF_Steel_P3300_Unistrut,491_NF,HKG,13/08/2026,19/08/2026,25/08/2026,31/08/2026
491_NF_Steel_P4000_Unistrut,491_NF,HKG,13/08/2026,19/08/2026,25/08/2026,31/08/2026
491_NF_Steel_P40021_Unistrut,491_NF,HKG,13/08/2026,19/08/2026,25/08/2026,31/08/2026
491_NF_Steel_P4003_Unistrut,491_NF,HKG,13/08/2026,19/08/2026,25/08/2026,31/08/2026
491_NF_Steel_P5500_Unistrut,491_NF,HKG,13/08/2026,19/08/2026,25/08/2026,31/08/2026
491_NF_Steel_P5501_Unistrut,491_NF,HKG,13/08/2026,19/08/2026,25/08/2026,31/08/2026
491_NF_Steel_UnirodThreadedRod,491_NF,HKG,13/08/2026,19/08/2026,25/08/2026,31/08/2026
491_SE_ArmWithAngleBracket,491_SE,HKG,13/08/2026,19/08/2026,25/08/2026,31/08/2026
491_SE_CantileverBracketAKF80,491_SE,HKG,13/08/2026,19/08/2026,25/08/2026,31/08/2026
491_SE_DoublePillarWithPlate,491_SE,HKG,13/08/2026,19/08/2026,25/08/2026,31/08/2026
491_SE_FixedpointsetXS,491_SE,HKG,13/08/2026,19/08/2026,25/08/2026,31/08/2026
491_SE_FrameHangerTopBase,491_SE,HKG,13/08/2026,19/08/2026,25/08/2026,31/08/2026
491_SE_PillarWithPlate,491_SE,HKG,13/08/2026,19/08/2026,25/08/2026,31/08/2026
491_SE_PipeSupport_FloorStandingType,491_SE,HKG,13/08/2026,19/08/2026,25/08/2026,31/08/2026
491_SE_PipeSupport_RiserType,491_SE,HKG,13/08/2026,19/08/2026,25/08/2026,31/08/2026
491_SE_PipeTrapezeHangerDoubleFrame,491_SE,HKG,13/08/2026,19/08/2026,25/08/2026,31/08/2026
491_SE_RectangularDuctHanger_Standard,491_SE,HKG,13/08/2026,19/08/2026,25/08/2026,31/08/2026
491_SE_RoundDuctHanger_Standard,491_SE,HKG,13/08/2026,19/08/2026,25/08/2026,31/08/2026
491_SE_SingleArmWithDoubleBracket,491_SE,HKG,13/08/2026,19/08/2026,25/08/2026,31/08/2026
491_SE_SlidesetFS,491_SE,HKG,13/08/2026,19/08/2026,25/08/2026,31/08/2026
430_AT_DeflectorHood_Roof_Round_FreshAirIntake,430_AT,RLT,03/07/2026,10/07/2026,17/07/2026,24/07/2026
430_AT_GrilleWeatherProtection_Wall_Rectangular_WGALHeightSubdivided_Supply,430_AT,RLT,17/07/2026,24/07/2026,31/07/2026,07/08/2026
430_AT_GrilleWeatherProtection_Wall_Rectangular_WGALWidthSubdivided_Exhaust,430_AT,RLT,17/07/2026,24/07/2026,31/07/2026,07/08/2026
430_AT_GrilleWeatherProtection_Wall_Rectangular_WGALWidthSubdivided_Supply,430_AT,RLT,17/07/2026,24/07/2026,31/07/2026,07/08/2026
430_AT_SwirlDiffuser_CeilingHorizontal_Round_Return,430_AT,RLT,24/07/2026,31/07/2026,07/08/2026,14/08/2026
430_AT_SwirlDiffuser_HorizontalCeiling_Rectangular_Supply,430_AT,RLT,31/07/2026,07/08/2026,14/08/2026,21/08/2026
430_DA_ShutOffDevices_AK,430_DA,RLT,12/06/2026,19/06/2026,26/06/2026,03/07/2026
430_DA_SmokeDetectorinDucts_RMO3D,430_DA,RLT,19/06/2026,26/06/2026,03/07/2026,10/07/2026
430_DA_VariableVolumeFlowControl_VaryControl _Round_LVC,430_DA,RLT,19/06/2026,26/06/2026,03/07/2026,10/07/2026
430_ME_AHUProcess,430_ME,RLT,07/08/2026,14/08/2026,21/08/2026,28/08/2026
430_ME_AIR1XC3200L,430_ME,RLT,07/08/2026,14/08/2026,21/08/2026,28/08/2026
430_ME_AirHandingUnit_RoundConnection_CeilingStand,430_ME,RLT,07/08/2026,14/08/2026,21/08/2026,28/08/2026
430_ME_AirHandlingUnit_1LayerFlachSeries_CeilingStand,430_ME,RLT,07/08/2026,14/08/2026,21/08/2026,28/08/2026
430_ME_AirHandlingUnit_2LayerBowl_RoofStand,430_ME,RLT,07/08/2026,14/08/2026,21/08/2026,28/08/2026
430_ME_AirHandlingUnit_2LayerCompactSeries_FloorStand,430_ME,RLT,18/09/2026,25/09/2026,02/10/2026,09/10/2026
430_ME_AirHandlingUnit_2LayerForKitchen_FloorStand,430_ME,RLT,18/09/2026,25/09/2026,02/10/2026,09/10/2026
430_ME_AirHandlingUnit_Floor_Single_Aubenluft,430_ME,RLT,25/09/2026,02/10/2026,09/10/2026,16/10/2026
430_ME_AirHandlingUnit_FloorStand,430_ME,RLT,18/09/2026,25/09/2026,02/10/2026,09/10/2026
430_ME_AirHandlingUnit_Single_Fortluft,430_ME,RLT,25/09/2026,02/10/2026,09/10/2026,16/10/2026
430_ME_AirHandlingUnit_Single_Zuluft,430_ME,RLT,14/08/2026,21/08/2026,28/08/2026,04/09/2026
430_ME_AxialWindowFan_Rectangular,430_ME,RLT,18/09/2026,25/09/2026,02/10/2026,09/10/2026
430_ME_Ductfans_Round_DF,430_ME,RLT,18/09/2026,25/09/2026,02/10/2026,09/10/2026
430_ME_Ductfans_WallMounted_Round,430_ME,RLT,25/09/2026,02/10/2026,09/10/2026,16/10/2026
430_ME_ExpansionTank_BottomConnection,430_ME,RLT,25/09/2026,02/10/2026,09/10/2026,16/10/2026
430_ME_Fan_Roof_SmokeExtraction_NoSystem,430_ME,RLT,25/09/2026,02/10/2026,09/10/2026,16/10/2026
430_ME_Fan_WallMounted,430_ME,RLT,25/09/2026,02/10/2026,09/10/2026,16/10/2026
430_ME_FanCoilUnit_WithPlenumBox_ThreeConnector_Standard,430_ME,RLT,21/08/2026,28/08/2026,04/09/2026,11/09/2026
430_ME_FansForAggressiveAir,430_ME,RLT,25/09/2026,02/10/2026,09/10/2026,16/10/2026
430_ME_FilterFanCoilUnit,430_ME,RLT,25/09/2026,02/10/2026,09/10/2026,16/10/2026
430_ME_FlushMountedFan_BackConnection_SilentECO,430_ME,RLT,25/09/2026,02/10/2026,09/10/2026,16/10/2026
430_ME_FlushMountedFan_TopConnection_SilentECO,430_ME,RLT,25/09/2026,02/10/2026,09/10/2026,16/10/2026
430_ME_HeatReclaimVentilator_VAMFC,430_ME,RLT,25/09/2026,02/10/2026,09/10/2026,16/10/2026
430_ME_RoofFanBendDHE_Supply,430_ME,RLT,14/08/2026,21/08/2026,28/08/2026,04/09/2026
430_ME_RoofVentilationFans_DAX,430_ME,RLT,14/08/2026,21/08/2026,28/08/2026,04/09/2026
430_ME_RoofVentilationFans_DRV_DRH,430_ME,RLT,21/08/2026,28/08/2026,04/09/2026,11/09/2026
430_ME_Schleusenventilatoren,430_ME,RLT,21/08/2026,28/08/2026,04/09/2026,11/09/2026
430_ME_SmokeExhaustAxialFans_BVAXO_F300,430_ME,RLT,21/08/2026,28/08/2026,04/09/2026,11/09/2026
430_ME_SmokeExhaustCentrifugalFans_BVREH,430_ME,RLT,21/08/2026,28/08/2026,04/09/2026,11/09/2026
430_ME_SmokeExhaustCentrifugalFans_BVW-B,430_ME,RLT,21/08/2026,28/08/2026,04/09/2026,11/09/2026
430_ME_SmokeExhaustFan_WallMounted_BVW_A,430_ME,RLT,21/08/2026,28/08/2026,04/09/2026,11/09/2026
430_ME_SmokeExhaustPlugFans_BRERV,430_ME,RLT,21/08/2026,28/08/2026,04/09/2026,11/09/2026
430_ME_VentilationAxialFans_AXO,430_ME,RLT,21/08/2026,28/08/2026,04/09/2026,11/09/2026
430_ME_VentilationAxialFans_AXO927,430_ME,RLT,21/08/2026,28/08/2026,04/09/2026,11/09/2026
430_ME_VentilationAxialFans_BVAXN_1256,430_ME,RLT,21/08/2026,28/08/2026,04/09/2026,11/09/2026
430_ME_VentilationAxialFans_ZAXN691256,430_ME,RLT,21/08/2026,28/08/2026,04/09/2026,11/09/2026
430_ME_VentilationCentrifugalFans_KFB,430_ME,RLT,21/08/2026,28/08/2026,04/09/2026,11/09/2026
430_ME_VentilationCentrifugalFans_REH,430_ME,RLT,21/08/2026,28/08/2026,04/09/2026,11/09/2026
430_ME_WallSmokeExhaustFans,430_ME,RLT,21/08/2026,28/08/2026,04/09/2026,11/09/2026
430_ME_WindDrivenRoofVentilator_Standard,430_ME,RLT,21/08/2026,28/08/2026,04/09/2026,11/09/2026
410_ME_CompactWaterHeater_WallMounted,410_ME,SAN,14/08/2026,21/08/2026,28/08/2026,04/09/2026
410_ME_IBCTank,410_ME,SAN,21/08/2026,28/08/2026,04/09/2026,11/09/2026
410_ME_iboxUniversalForShower_WallRecessed,410_ME,SAN,21/08/2026,28/08/2026,04/09/2026,11/09/2026
410_ME_InstantaneousWaterHeater_WashBasin,410_ME,SAN,21/08/2026,28/08/2026,04/09/2026,11/09/2026
410_ME_KHSHygieneFlushBoxLITE_FlowSensorDoublePortwithThreaded,410_ME,SAN,21/08/2026,28/08/2026,04/09/2026,11/09/2026
410_ME_KHSHygieneFlushBoxPRO_Wall_Threaded_FlowSensorDoublePort,410_ME,SAN,21/08/2026,28/08/2026,04/09/2026,11/09/2026
410_ME_KHSHygieneFlushBoxPURE_Wall_Threaded_FlowSensorDoublePort,410_ME,SAN,28/08/2026,04/09/2026,11/09/2026,18/09/2026
410_ME_KHSHygieneFlushBoxPUREwithFlowSensorSinglePort_Threaded,410_ME,SAN,21/08/2026,28/08/2026,04/09/2026,11/09/2026
410_ME_MiniTresorCabinet_InWall,410_ME,SAN,28/08/2026,04/09/2026,11/09/2026,18/09/2026
410_ME_MiniTresorCabinet_WallSurface,410_ME,SAN,28/08/2026,04/09/2026,11/09/2026,18/09/2026
410_ME_MixingTank,410_ME,SAN,28/08/2026,04/09/2026,11/09/2026,18/09/2026
410_ME_PoolHeatPump,410_ME,SAN,28/08/2026,04/09/2026,11/09/2026,18/09/2026
410_ME_PoolSandFilter_FloorStand_Round,410_ME,SAN,28/08/2026,04/09/2026,11/09/2026,18/09/2026
410_ME_PumpGlandlessCirculator_TopZ,410_ME,SAN,28/08/2026,04/09/2026,11/09/2026,18/09/2026
410_ME_SeparationStation,410_ME,SAN,28/08/2026,04/09/2026,11/09/2026,18/09/2026
410_ME_SubmergedPump_Vertical_SATVSeries,410_ME,SAN,04/09/2026,11/09/2026,18/09/2026,25/09/2026
410_ME_WasteWaterLift_Floor_WC1,410_ME,SAN,04/09/2026,11/09/2026,18/09/2026,25/09/2026
410_ME_WastewaterLiftingStation_MuliProPEKDuo,410_ME,SAN,04/09/2026,11/09/2026,18/09/2026,25/09/2026
410_ME_WastewaterLiftingStation_Sinkamat-HW,410_ME,SAN,04/09/2026,11/09/2026,18/09/2026,25/09/2026
410_ME_WasteWaterLiftingStation_VerticalPump,410_ME,SAN,04/09/2026,11/09/2026,18/09/2026,25/09/2026
410_ME_WaterSofteningTank,410_ME,SAN,04/09/2026,11/09/2026,18/09/2026,25/09/2026
410_NF_GS_rConcentric_NoSocket_GMX,410_NF,SAN,17/07/2026,24/07/2026,31/07/2026,07/08/2026
410_PA_Adapter&ExpansionPiece_Flanged,410_PA,SAN,17/07/2026,24/07/2026,31/07/2026,07/08/2026
410_PA_PressureGauge,410_PA,SAN,31/07/2026,07/08/2026,14/08/2026,21/08/2026
410_PF_CI_uCleaningPipeWithRectangularcover_Coupling,410_PF,SAN,22/05/2026,29/05/2026,05/06/2026,12/06/2026
410_PF_DI_fFlange_Spigot,410_PF,SAN,05/06/2026,12/06/2026,19/06/2026,25/06/2026
410_PF_DI_uConnector_FlangedAndSocket,410_PF,SAN,05/06/2026,12/06/2026,19/06/2026,25/06/2026
410_PF_EPDM_mSleeveToCastIron_MechanicalJoint_Silent,410_PF,SAN,25/06/2026,03/07/2026,10/07/2026,17/07/2026
410_PF_GS_mSBendTrap_1PushSocket_GMX,410_PF,SAN,12/06/2026,19/06/2026,25/06/2026,03/07/2026
410_PF_GS_rAdapterEccentric_1PushSocket_GMX,410_PF,SAN,12/06/2026,19/06/2026,25/06/2026,03/07/2026
410_PF_GS_rTransitiontoCastIron_GMX,410_PF,SAN,12/06/2026,19/06/2026,25/06/2026,03/07/2026
410_PF_HDPE_eBend88DegWithLateralSupplementary_Standard_ForFloorStandingWC,410_PF,SAN,19/06/2026,25/06/2026,03/07/2026,10/07/2026
410_PF_HDPE_eConnectionBend90DegForSleeve_Standard,410_PF,SAN,19/06/2026,25/06/2026,03/07/2026,10/07/2026
410_PF_HDPE_eRightOffsetBend90Deg_Standard_ForFloorStandingWC,410_PF,SAN,19/06/2026,25/06/2026,03/07/2026,10/07/2026
410_PF_HDPE_uFlangeSet,410_PF,SAN,25/06/2026,03/07/2026,10/07/2026,17/07/2026
410_PF_PP_uSilentSlipCoupling_Socket,410_PF,SAN,03/07/2026,10/07/2026,17/07/2026,24/07/2026
410_PF_PPMD_cEndCap_Socket_Silent,410_PF,SAN,25/06/2026,03/07/2026,10/07/2026,17/07/2026
410_PF_PPMD_wParallelBrand45Deg_SocketAndSpigot_Silent,410_PF,SAN,03/07/2026,10/07/2026,17/07/2026,24/07/2026
410_PF_PPR_mCoupling_MaleThreadAndSocketFusion,410_PF,SAN,25/06/2026,03/07/2026,10/07/2026,17/07/2026
410_PF_PPR_rCoupling_FemaleThreadAndSocketFusion,410_PF,SAN,25/06/2026,03/07/2026,10/07/2026,17/07/2026
410_PF_SilentPro_cCapEnd_Socket,410_PF,SAN,03/07/2026,10/07/2026,17/07/2026,24/07/2026
410_PF_SS_rConnectorWithSocketAndFlange,410_PF,SAN,10/07/2026,17/07/2026,24/07/2026,31/07/2026
410_PF_SS_rEccentricIncreaserCoupling_SocketAndSpigot,410_PF,SAN,10/07/2026,17/07/2026,24/07/2026,31/07/2026
410_PX_CastIronFloorDrain_Vertical_Coupling,410_PX,SAN,07/08/2026,14/08/2026,21/08/2026,28/08/2026
410_PX_DuofixElementForWashBasin_BarrierFree,410_PX,SAN,07/08/2026,14/08/2026,21/08/2026,28/08/2026
410_PX_DuofixElementInsetWashbasin_PillarTap,410_PX,SAN,07/08/2026,14/08/2026,21/08/2026,28/08/2026
410_PX_DuofixForUrinal,410_PX,SAN,07/08/2026,14/08/2026,21/08/2026,28/08/2026
410_PX_FlatRoofSingleDrain_Vertical_Coupling_CastIron,410_PX,SAN,07/08/2026,14/08/2026,21/08/2026,28/08/2026
410_PX_FloorDrain_VerticalFinor2PartL15_Coupling_CastIron,410_PX,SAN,07/08/2026,14/08/2026,21/08/2026,28/08/2026
410_PX_ManholeTaper_EccentricalCones_NoSystem,410_PX,SAN,14/08/2026,21/08/2026,28/08/2026,04/09/2026
410_PX_StainlessSteelBoxGutters_Horizontal_Coupling,410_PX,SAN,07/08/2026,14/08/2026,21/08/2026,28/08/2026
410_SE_FireCollar_Vertical,410_SE,SAN,12/06/2026,19/06/2026,25/06/2026,03/07/2026
473_EF_BiomedicalCallPlugandSocket,473_EF,SPR_MED,10/07/2026,17/07/2026,31/07/2026,07/08/2026
473_EF_CallDisplayUnit,473_EF,SPR_MED,10/07/2026,17/07/2026,31/07/2026,07/08/2026
473_EF_CallTranferUnitForCorridors,473_EF,SPR_MED,10/07/2026,17/07/2026,31/07/2026,07/08/2026
473_EF_TableControlUnit,473_EF,SPR_MED,10/07/2026,17/07/2026,31/07/2026,07/08/2026
473_ME_AreaAlarmPanel,473_ME,SPR_MED,31/07/2026,07/08/2026,21/08/2026,28/08/2026
473_ME_AutomatedH2O2AirlockAccessible,473_ME,SPR_MED,31/07/2026,07/08/2026,21/08/2026,28/08/2026
473_ME_BHU_DK2014,473_ME,SPR_MED,31/07/2026,07/08/2026,21/08/2026,28/08/2026
473_ME_BHU_DK2014M,473_ME,SPR_MED,31/07/2026,07/08/2026,21/08/2026,28/08/2026
473_ME_BHU_HY2017,473_ME,SPR_MED,31/07/2026,07/08/2026,21/08/2026,28/08/2026
473_ME_ICU_SMICare,473_ME,SPR_MED,07/08/2026,14/08/2026,28/08/2026,04/09/2026
473_ME_ICU_SMICAREDS,473_ME,SPR_MED,07/08/2026,14/08/2026,28/08/2026,04/09/2026
473_ME_IntensiveCareUnits_WallMounted_SMICAREDS,473_ME,SPR_MED,07/08/2026,14/08/2026,28/08/2026,04/09/2026
473_ME_IntensiveCareUnits_WallMounted_SMICareHD,473_ME,SPR_MED,07/08/2026,14/08/2026,28/08/2026,04/09/2026
473_ME_MedicalAirCompressors_TankMounted,473_ME,SPR_MED,07/08/2026,14/08/2026,28/08/2026,04/09/2026
473_ME_NitrogenGenerators,473_ME,SPR_MED,07/08/2026,14/08/2026,28/08/2026,04/09/2026
473_ME_OxygenGenerators,473_ME,SPR_MED,07/08/2026,14/08/2026,28/08/2026,04/09/2026
473_ME_RefrigerationAirDryer_Flanged,473_ME,SPR_MED,07/08/2026,14/08/2026,28/08/2026,04/09/2026
473_ME_RefrigerationAirDryer_Threaded,473_ME,SPR_MED,07/08/2026,14/08/2026,28/08/2026,04/09/2026
473_PA_BR_3WayMotorControlValve_Threaded,473_PA,SPR_MED,17/07/2026,24/07/2026,07/08/2026,14/08/2026
473_PA_BR_3WayValveDN15toDN50_Threaded,473_PA,SPR_MED,17/07/2026,24/07/2026,07/08/2026,14/08/2026
473_PA_BR_AirReliefValve_Threaded,473_PA,SPR_MED,17/07/2026,24/07/2026,07/08/2026,14/08/2026
473_PA_Brass_CheckValve_Threaded,473_PA,SPR_MED,17/07/2026,24/07/2026,07/08/2026,14/08/2026
473_PA_Filters_Welded,473_PA,SPR_MED,17/07/2026,24/07/2026,07/08/2026,14/08/2026
473_PA_GasN2_Outlet,473_PA,SPR_MED,17/07/2026,24/07/2026,07/08/2026,14/08/2026
473_PA_LockableLineBallValve_LVL10,473_PA,SPR_MED,17/07/2026,24/07/2026,07/08/2026,14/08/2026
473_PA_LockableLineBallValve_LVL20,473_PA,SPR_MED,17/07/2026,24/07/2026,07/08/2026,14/08/2026
473_PA_LockableLineBallValve_NIST,473_PA,SPR_MED,17/07/2026,24/07/2026,07/08/2026,14/08/2026
473_PA_SS_AirHeader_4Connection,473_PA,SPR_MED,24/07/2026,31/07/2026,14/08/2026,21/08/2026
473_PA_SS_AirHeader_6Connection,473_PA,SPR_MED,24/07/2026,31/07/2026,14/08/2026,21/08/2026
473_PA_SS_WeldedCondensateSeparators,473_PA,SPR_MED,24/07/2026,31/07/2026,14/08/2026,21/08/2026
473_PF_CO_eElbow_Reduce_Soldered,473_PF,SPR_MED,10/07/2026,17/07/2026,31/07/2026,07/08/2026
473_PF_CO_eOffset_M_F_Soldered,473_PF,SPR_MED,10/07/2026,17/07/2026,31/07/2026,07/08/2026
473_PF_CO_uCoupling_Soldered,473_PF,SPR_MED,10/07/2026,17/07/2026,31/07/2026,07/08/2026
473_PF_SS_uClampConnector,473_PF,SPR_MED,10/07/2026,17/07/2026,31/07/2026,07/08/2026
473_PF_SS_uClampConnectorWithWeldedConnection,473_PF,SPR_MED,10/07/2026,17/07/2026,31/07/2026,07/08/2026
474_ME_AutomaticDryPowderCeilingFireExtinguiser_ABC12kg,474_ME,SPR_MED,29/05/2026,05/06/2026,19/06/2026,25/06/2026
474_ME_AutomaticDryPowderCeilingFireExtinguiser_ABC3kg,474_ME,SPR_MED,29/05/2026,05/06/2026,19/06/2026,25/06/2026
474_ME_AutomaticDryPowderCeilingFireExtinguiser_HFC14kg,474_ME,SPR_MED,29/05/2026,05/06/2026,19/06/2026,25/06/2026
474_ME_AutomaticDryPowderCeilingFireExtinguiser_HFC4d5kg,474_ME,SPR_MED,29/05/2026,05/06/2026,19/06/2026,25/06/2026
474_ME_Cabinet_ExtinguishingWaterSupply,474_ME,SPR_MED,29/05/2026,05/06/2026,19/06/2026,25/06/2026
474_ME_DieselPump_FloorSurface_AURORA481,474_ME,SPR_MED,12/06/2026,19/06/2026,03/07/2026,10/07/2026
474_ME_FoamBladderTank_VerticalType,474_ME,SPR_MED,29/05/2026,05/06/2026,19/06/2026,25/06/2026
474_ME_JunctionBox_VESDA,474_ME,SPR_MED,29/05/2026,05/06/2026,19/06/2026,25/06/2026
474_ME_NitrogenPilotCylinderWithTopValve,474_ME,SPR_MED,29/05/2026,05/06/2026,19/06/2026,25/06/2026
474_ME_ProtectiveCabinetWithVentilationValve,474_ME,SPR_MED,12/06/2026,19/06/2026,03/07/2026,10/07/2026
474_ME_ReceiverTank,474_ME,SPR_MED,12/06/2026,19/06/2026,03/07/2026,10/07/2026
474_ME_SlaveCylinderWithTopOfValve_CO2,474_ME,SPR_MED,29/05/2026,05/06/2026,19/06/2026,25/06/2026
474_ME_SolventTank,474_ME,SPR_MED,29/05/2026,05/06/2026,19/06/2026,25/06/2026
474_ME_VerticalFirePump,474_ME,SPR_MED,29/05/2026,05/06/2026,19/06/2026,25/06/2026
474_PA_AlarmCheckValve,474_PA,SPR_MED,29/05/2026,05/06/2026,19/06/2026,25/06/2026
474_PA_AlarmCheckValve_Dry,474_PA,SPR_MED,12/06/2026,19/06/2026,03/07/2026,10/07/2026
474_PA_CS_BalancingValve_Flanged,474_PA,SPR_MED,12/06/2026,19/06/2026,03/07/2026,10/07/2026
474_PA_CS_YStrainer_Grooved,474_PA,SPR_MED,12/06/2026,19/06/2026,03/07/2026,10/07/2026
474_PA_FoamLineProportioner,474_PA,SPR_MED,25/06/2026,03/07/2026,17/07/2026,24/07/2026
474_PA_FootValve,474_PA,SPR_MED,25/06/2026,03/07/2026,17/07/2026,24/07/2026
474_PA_HighPressureCheckValve,474_PA,SPR_MED,25/06/2026,03/07/2026,17/07/2026,24/07/2026
474_PA_HighPressureRiserCheckValve,474_PA,SPR_MED,25/06/2026,03/07/2026,17/07/2026,24/07/2026
474_PA_HydrantGateValve,474_PA,SPR_MED,25/06/2026,03/07/2026,17/07/2026,24/07/2026
474_PA_ManifoldCheckValve_FM200,474_PA,SPR_MED,25/06/2026,03/07/2026,17/07/2026,24/07/2026
474_PA_ManuallyActuatedBallValve_CO2,474_PA,SPR_MED,25/06/2026,03/07/2026,17/07/2026,24/07/2026
474_PA_PressureGauge_AnalogueType,474_PA,SPR_MED,03/07/2026,10/07/2026,24/07/2026,31/07/2026
474_PA_PressureReducingValve_Flanged,474_PA,SPR_MED,19/06/2026,25/06/2026,10/07/2026,17/07/2026
474_PA_PressureReliefControlValve,474_PA,SPR_MED,19/06/2026,25/06/2026,10/07/2026,17/07/2026
474_PA_PressureReliefValve,474_PA,SPR_MED,19/06/2026,25/06/2026,10/07/2026,17/07/2026
474_PA_PressureSensor,474_PA,SPR_MED,19/06/2026,25/06/2026,10/07/2026,17/07/2026
474_PA_SelectorValve_CO2,474_PA,SPR_MED,19/06/2026,25/06/2026,10/07/2026,17/07/2026
474_PA_SwingCheckValve_Grooved,474_PA,SPR_MED,19/06/2026,25/06/2026,10/07/2026,17/07/2026
474_PA_WaterFlowDetector,474_PA,SPR_MED,12/06/2026,19/06/2026,03/07/2026,10/07/2026
474_PA_WaterMeter,474_PA,SPR_MED,19/06/2026,25/06/2026,10/07/2026,17/07/2026
474_PF_CS_tGroovedEndTee_Standard,474_PF,SPR_MED,05/06/2026,12/06/2026,25/06/2026,03/07/2026
474_PF_CS_tSprinkerTeeCoupling_Grooved_Threaded,474_PF,SPR_MED,05/06/2026,12/06/2026,25/06/2026,03/07/2026
474_PF_CS_tTee_Grooved,474_PF,SPR_MED,05/06/2026,12/06/2026,25/06/2026,03/07/2026
474_PF_DuctileIron_CapFemale_Thread,474_PF,SPR_MED,05/06/2026,12/06/2026,25/06/2026,03/07/2026
474_PF_DuctileIron_DrainElbow_Grooved,474_PF,SPR_MED,05/06/2026,12/06/2026,25/06/2026,03/07/2026
474_PF_DuctileIron_SmallReducer_Thread,474_PF,SPR_MED,05/06/2026,12/06/2026,25/06/2026,03/07/2026
474_PF_GalvanizedSteel_NippleReducer_Threaded,474_PF,SPR_MED,05/06/2026,12/06/2026,25/06/2026,03/07/2026
474_PF_SS_sHaftCoupling,474_PF,SPR_MED,12/06/2026,19/06/2026,03/07/2026,10/07/2026
474_PF_StainlessSteel_FlexibleCoupling_Grooved,474_PF,SPR_MED,12/06/2026,19/06/2026,03/07/2026,10/07/2026
474_PROMAT_4Sided_Horizontal_CeilingMount,,SPR_MED,03/07/2026,10/07/2026,24/07/2026,31/07/2026
474_PROMAT_4Sided_Horizontal_Vertical_CeilingMount,,SPR_MED,03/07/2026,10/07/2026,24/07/2026,31/07/2026
474_PROMAT_4Sided_Vertical_CeilingMount,,SPR_MED,03/07/2026,10/07/2026,24/07/2026,31/07/2026
474_PROMAT_Horizontal_WallMount,,SPR_MED,03/07/2026,10/07/2026,24/07/2026,31/07/2026
474_PROMAT_Vertical_WallMount,,SPR_MED,03/07/2026,10/07/2026,24/07/2026,31/07/2026
474_SP_DischargeNozzle_CO2,474_SP,SPR_MED,03/07/2026,10/07/2026,24/07/2026,31/07/2026
