CW,Plan_weighted,Plan_cum,Actual_weighted,Actual_cum
5,190.0,190.0,160.0,160.0
6,20.0,210.0,238.0,398.0
7,0.0,210.0,72.0,470.0
8,0.0,210.0,0.0,470.0
9,90.0,300.0,42.0,512.0
10,0.0,300.0,64.0,576.0
11,0.0,300.0,2.0,578.0
12,0.0,300.0,0.0,578.0
13,0.0,300.0,0.0,578.0
14,0.0,300.0,32.0,610.0
15,0.0,300.0,131.0,741.0
16,0.0,300.0,16.0,757.0
17,0.0,300.0,38.0,795.0
18,0.0,300.0,30.0,825.0
19,40.0,340.0,64.0,889.0
20,40.0,380.0,125.0,1014.0
21,128.0,508.0,199.0,1213.0
22,328.0,836.0,219.0,1432.0
23,540.0,1376.0,172.0,1604.0
24,910.0,2286.0,102.0,1706.0
25,1376.0,3662.0,174.0,1880.0
26,1458.0,5120.0,120.0,2000.0
27,1430.0,6550.0,216.0,2216.0
28,1708.0,8258.0,150.0,2366.0
29,1464.0,9722.0,252.0,2618.0
30,1438.0,11160.0,122.0,2740.0
31,1458.0,12618.0,310.0,3050.0
32,1406.0,14024.0,298.0,3348.0
33,1316.0,15340.0,400.0,3748.0
34,1260.0,16600.0,456.0,4204.0
35,1005.0,17605.0,525.0,4729.0
36,890.0,18495.0,166.0,4895.0
37,559.0,19054.0,426.0,5321.0
38,467.0,19521.0,472.0,5793.0
39,566.0,20087.0,438.0,6231.0
40,566.0,20653.0,500.0,6731.0
41,503.0,21156.0,0.0,6731.0
42,236.0,21392.0,0.0,6731.0
